{
  "best_fitness": 135770.7306565591,
  "best_chromosome": [
    "73",
    "42",
    "17",
    "63",
    "28",
    "57",
    "70",
    "35",
    "27",
    "18",
    "65",
    "100",
    "78",
    "38",
    "53",
    "46",
    "39",
    "98",
    "93",
    "86",
    "84",
    "33",
    "4",
    "81",
    "95",
    "61",
    "89",
    "10",
    "13",
    "37",
    "8",
    "49",
    "41",
    "24",
    "87",
    "80",
    "7",
    "36",
    "9",
    "40",
    "83",
    "75",
    "64",
    "48",
    "52",
    "19",
    "44",
    "67",
    "25",
    "30",
    "16",
    "20",
    "79",
    "11",
    "71",
    "14",
    "31",
    "51",
    "55",
    "69",
    "74",
    "97",
    "92",
    "72",
    "50",
    "96",
    "21",
    "12",
    "15",
    "43",
    "90",
    "3",
    "66",
    "77",
    "45",
    "82",
    "23",
    "47",
    "62",
    "1",
    "59",
    "91",
    "22",
    "34",
    "2",
    "54",
    "88",
    "6",
    "85",
    "76",
    "60",
    "26",
    "99",
    "68",
    "32",
    "5",
    "29",
    "94",
    "56",
    "58"
  ],
  "fitness_history": [
    130238.90014488659,
    130321.48959280376,
    130321.48959280376,
    130914.64952554466,
    131257.76172244482,
    131257.76172244482,
    131275.928898444,
    131396.2090830127,
    131844.30621275818,
    131844.30621275818,
    131844.30621275818,
    131844.30621275818,
    131844.30621275818,
    131934.16558226792,
    131934.16558226792,
    131934.16558226792,
    131934.16558226792,
    131989.19388724488,
    131989.19388724488,
    131994.39721984984,
    132425.9378667216,
    132425.9378667216,
    132425.9378667216,
    132425.9378667216,
    132425.9378667216,
    132456.07914232882,
    132544.49478782207,
    132544.49478782207,
    132587.93987847085,
    132665.76551017325,
    132864.6427801168,
    132864.6427801168,
    132864.6427801168,
    132864.6427801168,
    132884.63993483773,
    132884.63993483773,
    132884.63993483773,
    132885.7188680648,
    132885.7188680648,
    132923.9580023275,
    132928.40858434734,
    133073.4018234222,
    133101.22759954006,
    133241.66041654305,
    133295.72913064127,
    133295.72913064127,
    133467.55074343015,
    133521.61945752837,
    133521.61945752837,
    133551.01593923962,
    133551.01593923962,
    133560.8932950281,
    133560.8932950281,
    133624.41415123083,
    133740.44040998106,
    133740.44040998106,
    133764.81745391816,
    133887.53887853134,
    133946.30189317805,
    133981.35131723736,
    134041.9501398958,
    134046.45168259312,
    134053.0524846614,
    134053.0524846614,
    134088.10190872068,
    134088.10190872068,
    134111.01648458344,
    134169.75054369043,
    134337.66106176088,
    134337.66106176088,
    134343.19011526965,
    134406.02878293893,
    134406.02878293893,
    134406.02878293893,
    134406.02878293893,
    134406.02878293893,
    134465.04009291512,
    134465.04009291512,
    134465.04009291512,
    134465.04009291512,
    134500.17363821805,
    134500.17363821805,
    134559.18494819425,
    134559.18494819425,
    134559.37258233287,
    134568.20270917038,
    134568.20270917038,
    134593.8488135107,
    134635.4072927099,
    134635.4072927099,
    134635.4072927099,
    134670.18726589953,
    134670.18726589953,
    134670.18726589953,
    134675.96818405844,
    134675.96818405844,
    134677.80101288387,
    134710.74815724808,
    134710.74815724808,
    134728.75900837092,
    134728.75900837092,
    134735.27788548113,
    134764.68214931164,
    134764.68214931164,
    134764.68214931164,
    134771.99294125335,
    134771.99294125335,
    134832.64749471928,
    134832.64749471928,
    134832.64749471928,
    134832.64749471928,
    134862.95232017053,
    134862.95232017053,
    134862.95232017053,
    134862.95232017053,
    134862.95232017053,
    134862.95232017053,
    134870.56606715487,
    134870.56606715487,
    134870.56606715487,
    134870.56606715487,
    134879.98943545728,
    134879.98943545728,
    134891.7067415983,
    134891.7067415983,
    134891.7067415983,
    134891.7067415983,
    134891.7067415983,
    134891.7067415983,
    134912.71247346362,
    134966.30208666046,
    134966.30208666046,
    134966.30208666046,
    134987.5799940015,
    134987.5799940015,
    134987.5799940015,
    135004.01405792302,
    135022.06421125837,
    135022.06421125837,
    135022.06421125837,
    135022.06421125837,
    135022.06421125837,
    135022.06421125837,
    135022.06421125837,
    135022.06421125837,
    135022.06421125837,
    135022.06421125837,
    135022.06421125837,
    135045.04292549336,
    135045.04292549336,
    135045.04292549336,
    135045.04292549336,
    135118.44937208708,
    135118.44937208708,
    135118.44937208708,
    135141.42808632206,
    135141.42808632206,
    135141.42808632206,
    135141.42808632206,
    135141.42808632206,
    135142.24306112606,
    135142.24306112606,
    135143.77125195664,
    135143.77125195664,
    135143.77125195664,
    135143.77125195664,
    135143.77125195664,
    135161.1437376051,
    135161.1437376051,
    135165.22177536105,
    135165.22177536105,
    135165.22177536105,
    135182.74230740772,
    135195.46521283605,
    135195.46521283605,
    135195.46521283605,
    135195.46521283605,
    135195.46521283605,
    135195.46521283605,
    135219.25890187506,
    135219.25890187506,
    135219.25890187506,
    135219.25890187506,
    135219.25890187506,
    135229.7269672205,
    135229.7269672205,
    135229.7269672205,
    135229.7269672205,
    135267.1329973906,
    135267.1329973906,
    135280.83874523782,
    135282.6407124677,
    135288.96364494864,
    135296.3464603149,
    135371.93086049243,
    135371.93086049243,
    135386.98812315174,
    135398.75892178644,
    135398.75892178644,
    135398.75892178644,
    135401.10208742102,
    135401.10208742102,
    135401.10208742102,
    135406.76841800922,
    135418.52317851447,
    135418.52317851447,
    135432.63714278376,
    135432.63714278376,
    135432.63714278376,
    135438.30347337195,
    135438.30347337195,
    135438.30347337195,
    135438.30347337195,
    135438.30347337195,
    135441.38267460695,
    135441.38267460695,
    135441.38267460695,
    135441.38267460695,
    135441.38267460695,
    135441.38267460695,
    135521.17425065173,
    135521.17425065173,
    135521.17425065173,
    135532.33718379412,
    135532.33718379412,
    135532.33718379412,
    135532.33718379412,
    135532.33718379412,
    135532.33718379412,
    135532.33718379412,
    135532.33718379412,
    135532.33718379412,
    135532.33718379412,
    135532.33718379412,
    135532.33718379412,
    135542.18824155745,
    135542.18824155745,
    135553.54934400454,
    135553.54934400454,
    135553.54934400454,
    135553.54934400454,
    135553.54934400454,
    135563.4004017679,
    135563.4004017679,
    135563.4004017679,
    135563.4004017679,
    135565.24561683365,
    135565.24561683365,
    135565.24561683365,
    135565.24561683365,
    135565.24561683365,
    135565.24561683365,
    135565.24561683365,
    135565.24561683365,
    135566.14736212965,
    135566.14736212965,
    135566.14736212965,
    135566.14736212965,
    135612.05100371502,
    135612.05100371502,
    135612.05100371502,
    135646.9796349389,
    135646.9796349389,
    135670.62929981612,
    135671.35725203555,
    135671.35725203555,
    135671.35725203555,
    135688.72541770033,
    135688.72541770033,
    135688.72541770033,
    135688.72541770033,
    135688.72541770033,
    135688.72541770033,
    135688.72541770033,
    135688.72541770033,
    135688.72541770033,
    135688.72541770033,
    135688.72541770033,
    135716.49914704292,
    135758.11306202112,
    135758.11306202112,
    135758.11306202112,
    135758.11306202112,
    135758.11306202112,
    135758.11306202112,
    135758.11306202112,
    135758.11306202112,
    135758.11306202112,
    135758.11306202112,
    135770.7306565591,
