{
  "best_fitness": 109465.44702829958,
  "best_chromosome": [
    "89",
    "64",
    "32",
    "37",
    "76",
    "22",
    "7",
    "29",
    "57",
    "35",
    "80",
    "84",
    "71",
    "54",
    "45",
    "61",
    "24",
    "96",
    "72",
    "62",
    "6",
    "81",
    "51",
    "1",
    "40",
    "94",
    "5",
    "4",
    "39",
    "28",
    "56",
    "68",
    "34",
    "69",
    "65",
    "42",
    "78",
    "33",
    "25",
    "17",
    "55",
    "93",
    "44",
    "47",
    "13",
    "77",
    "23",
    "95",
    "27",
    "60",
    "38",
    "9",
    "3",
    "19",
    "67",
    "36",
    "52",
    "66",
    "53",
    "16",
    "31",
    "91",
    "70",
    "99",
    "79",
    "88",
    "58",
    "98",
    "90",
    "97",
    "15",
    "50",
    "92",
    "75",
    "41",
    "11",
    "73",
    "8",
    "63",
    "46",
    "100",
    "20",
    "12",
    "74",
    "59",
    "18",
    "14",
    "49",
    "10",
    "43",
    "48",
    "87",
    "21",
    "82",
    "83",
    "2",
    "30",
    "85",
    "26",
    "86"
  ],
  "fitness_history": [
    91606.86652950372,
    92654.27767085886,
    94149.71681343173,
    94149.71681343173,
    94149.71681343173,
    94550.499457687,
    95935.89373225445,
    95944.27428058142,
    96751.36017456507,
    97779.78067734257,
    97779.78067734257,
    97779.78067734257,
    97779.78067734257,
    97779.78067734257,
    97779.78067734257,
    97966.71543419175,
    98203.29181120824,
    98287.6502177827,
    99602.14372235617,
    100123.77459062226,
    100123.77459062226,
    100123.77459062226,
    100123.77459062226,
    100123.77459062226,
    100123.77459062226,
    100123.77459062226,
    100313.81128732396,
    100313.81128732396,
    100313.81128732396,
    100313.81128732396,
    100313.81128732396,
    100868.63603015519,
    102349.63474742058,
    102349.63474742058,
    102349.63474742058,
    102349.63474742058,
    102349.63474742058,
    102349.63474742058,
    102349.63474742058,
    102349.63474742058,
    102349.63474742058,
    102396.37947914496,
    102441.23420380583,
    102441.23420380583,
    102441.23420380583,
    103382.27842939115,
    103382.27842939115,
    103464.88318679309,
    103464.88318679309,
    103683.15882494528,
    103683.15882494528,
    103955.19272606267,
    103955.19272606267,
    104217.82549051422,
    104217.82549051422,
    104217.82549051422,
    104217.82549051422,
    104217.82549051422,
    104217.82549051422,
    104271.2256683619,
    104271.2256683619,
    104271.2256683619,
    104271.2256683619,
    104425.24103152165,
    104425.24103152165,
    104425.24103152167,
    104472.53590331558,
    104472.53590331558,
    104602.08461833688,
    104626.55126647533,
    104626.55126647533,
    104723.85364922934,
    104743.53815979336,
    104743.53815979336,
    104743.53815979336,
    104840.84054254736,
    104840.84054254736,
    104886.58042336693,
    104928.74904810745,
    105522.60464861615,
    105522.60464861615,
    105522.60464861615,
    105619.90703137015,
    105619.90703137015,
    105824.80243024827,
    105824.80243024827,
    105824.80243024827,
    105824.80243024827,
    105953.95038117786,
    105953.95038117786,
    105999.62926787873,
    105999.62926787873,
    105999.62926787873,
    105999.62926787873,
    105999.62926787873,
    105999.62926787873,
    105999.62926787873,
    105999.62926787873,
    106012.37351985174,
    106012.37351985174,
    106012.37351985174,
    106012.37351985174,
    106012.37351985174,
    106043.28267141295,
    106272.40267674332,
    106272.40267674332,
    106337.8294374441,
    106337.8294374441,
    106381.48284097832,
    106381.48284097832,
    106405.60088658093,
    106597.85859433567,
    106597.85859433567,
    106606.88472998253,
    106641.51199786991,
    106650.53813351676,
    106650.53813351676,
    106650.53813351676,
    106676.56291630029,
    106713.55516992585,
    106713.55516992585,
    106808.74169113263,
    106808.74169113263,
    107383.32747190743,
    107383.32747190743,
    107383.32747190743,
    107383.32747190743,
    107430.30957369038,
    107430.30957369038,
    107430.30957369038,
    107430.30957369038,
    107430.30957369038,
    107430.30957369038,
    107533.07251803158,
    107533.07251803158,
    107533.07251803158,
    107533.07251803158,
    107533.07251803158,
    107533.07251803158,
    107533.07251803158,
    107533.07251803158,
    107533.07251803158,
    107533.07251803158,
    107533.07251803158,
    107533.07251803158,
    107641.7593257813,
    107641.7593257813,
    107641.7593257813,
    107641.7593257813,
    107641.7593257813,
    107641.75932578131,
    107641.75932578131,
    107641.75932578131,
    107753.90318910708,
    107753.90318910708,
    107753.90318910708,
    107753.90318910708,
    107753.90318910708,
    107753.90318910708,
    107753.90318910708,
    107753.90318910708,
    107753.90318910709,
    107753.90318910709,
    107753.90318910709,
    107753.90318910709,
    107753.90318910709,
    107753.90318910709,
    107753.90318910709,
    107786.22299420927,
    107830.88207645259,
    107830.88207645259,
    107830.88207645259,
    107867.92058107984,
    107867.92058107984,
    107867.92058107984,
    107867.92058107984,
    107867.92058107984,
    107867.92058107984,
    107867.92058107984,
    107867.92058107984,
    107867.92058107984,
    107867.92058107984,
    107867.92058107984,
    107867.92058107984,
    107867.92058107984,
    107867.92058107984,
    108005.64399868972,
    108005.64399868972,
    108005.64399868972,
    108005.64399868972,
    108005.64399868972,
    108005.64399868972,
    108005.64399868972,
    108005.64399868972,
    108005.64399868972,
    108005.64399868972,
    108005.64399868972,
    108005.64399868972,
    108005.64399868972,
    108005.64399868972,
    108005.64399868972,
    108204.53915168229,
    108204.53915168229,
    108204.53915168229,
    108204.53915168229,
    108204.53915168229,
    108204.53915168229,
    108204.53915168229,
    108204.53915168229,
    108204.53915168229,
    108212.2535489962,
    108212.2535489962,
    108212.2535489962,
    108212.2535489962,
    108212.2535489962,
    108212.2535489962,
    108235.79840878706,
    108235.79840878706,
    108235.79840878706,
    108235.79840878706,
    108526.25279633864,
    108526.25279633864,
    108526.25279633864,
    108526.25279633864,
    108526.25279633864,
    108526.25279633864,
    108609.85349126886,
    108609.85349126886,
    108609.85349126886,
    108609.85349126886,
    108609.85349126886,
    108715.76412011661,
    108715.76412011661,
    108715.76412011661,
    108878.5729752835,
    108878.5729752835,
    108984.48360413125,
    108984.48360413125,
    108984.48360413125,
    108984.48360413125,
    108984.48360413125,
    108984.48360413125,
    108984.48360413125,
    108984.48360413125,
    108984.48360413125,
    108984.48360413125,
    108984.48360413125,
    108984.48360413125,
    109065.26686298002,
    109065.26686298002,
    109065.26686298002,
    109065.26686298002,
    109065.26686298002,
    109065.26686298002,
    109065.26686298002,
    109065.26686298002,
    109065.26686298002,
    109065.26686298002,
    109113.95622044348,
    109113.95622044348,
    109113.95622044348,
    109113.95622044348,
    109113.95622044348,
    109113.95622044348,
    109113.95622044348,
    109113.95622044348,
    109113.95622044348,
    109113.95622044348,
    109113.95622044348,
    109113.95622044348,
    109113.95622044348,
    109113.95622044348,
    109113.95622044348,
    109113.95622044348,
    109113.95622044348,
    109364.41880384361,
    109364.41880384361,
    109364.41880384361,
    109364.41880384361,
    109364.41880384361,
    109465.44702829958,
    109465.44702829958,
    109465.44702829958,
    109465.44702829958,
    109465.44702829958,
    109465.44702829958,
    109465.44702829958,
    109465.44702829958,
    109465.44702829958,
