{
  "best_fitness": 156445.46180993674,
  "best_chromosome": [
    "9",
    "1",
    "41",
    "8",
    "42",
    "78",
    "2",
    "13",
    "4",
    "96",
    "92",
    "17",
    "25",
    "97",
    "76",
    "26",
    "28",
    "83",
    "61",
    "23",
    "99",
    "43",
    "36",
    "35",
    "95",
    "7",
    "24",
    "10",
    "81",
    "49",
    "79",
    "34",
    "77",
    "19",
    "89",
    "37",
    "88",
    "57",
    "74",
    "60",
    "55",
    "50",
    "73",
    "54",
    "68",
    "3",
    "39",
    "70",
    "40",
    "21",
    "67",
    "94",
    "5",
    "31",
    "93",
    "15",
    "66",
    "44",
    "27",
    "47",
    "72",
    "38",
    "65",
    "53",
    "11",
    "91",
    "64",
    "84",
    "33",
    "22",
    "69",
    "6",
    "59",
    "30",
    "82",
    "63",
    "62",
    "18",
    "48",
    "45",
    "14",
    "58",
    "56",
    "52",
    "12",
    "20",
    "32",
    "100",
    "29",
    "71",
    "46",
    "85",
    "51",
    "16",
    "80",
    "87",
    "86",
    "75",
    "98",
    "90"
  ],
  "fitness_history": [
    153589.04927898888,
    153625.94988907903,
    153801.70771437802,
    153801.70771437802,
    153856.17576465532,
    153856.17576465532,
    153856.17576465532,
    153978.78570129533,
    154003.04559097407,
    154120.99155463514,
    154120.99155463514,
    154120.99155463514,
    154201.14873110605,
    154201.14873110605,
    154201.14873110605,
    154220.69587213625,
    154442.85919102762,
    154442.85919102762,
    154445.81969001252,
    154445.81969001252,
    154513.15985802503,
    154532.16282133077,
    154532.16282133077,
    154532.16282133077,
    154626.2387710978,
    154626.2387710978,
    154638.2305237967,
    154638.2305237967,
    154696.09633325145,
    154731.6736996089,
    154731.6736996089,
    154751.6832384733,
    154796.78345829056,
    154871.39630176246,
    154913.2836139923,
    154913.2836139923,
    154937.18293493448,
    154958.6869370382,
    154960.29805796794,
    154997.12776667599,
    154997.12776667599,
    155005.70138101382,
    155005.70138101382,
    155005.9755535316,
    155018.89781596075,
    155018.97702817988,
    155034.37724733393,
    155034.65141985175,
    155038.4619071634,
    155077.47755901015,
    155095.59618025686,
    155095.59618025686,
    155116.26582742372,
    155167.86029435444,
    155167.86029435444,
    155209.80513123976,
    155226.74413814943,
    155226.74413814943,
    155248.7005886944,
    155277.26738893366,
    155277.26738893366,
    155278.33860508015,
    155299.22383947865,
    155320.63722265317,
    155320.63722265317,
    155320.63722265317,
    155332.2782990031,
    155332.2782990031,
    155343.80599207376,
    155354.23474954808,
    155354.23474954808,
    155354.23474954808,
    155354.23474954808,
    155357.05564011168,
    155357.05564011168,
    155383.61983885113,
    155420.03825630964,
    155420.03825630964,
    155420.03825630964,
    155420.03825630964,
    155420.03825630964,
    155420.03825630964,
    155420.03825630964,
    155439.18879167878,
    155440.6877035032,
    155440.6877035032,
    155440.6877035032,
    155467.00213822385,
    155467.00213822385,
    155467.00213822385,
    155467.00213822385,
    155467.00213822385,
    155467.00213822385,
    155519.55129907362,
    155519.55129907362,
    155519.55129907362,
    155553.20587922662,
    155553.20587922662,
    155553.20587922662,
    155553.20587922662,
    155553.20587922662,
    155553.20587922662,
    155553.20587922662,
    155553.20587922662,
    155560.24880078473,
    155560.24880078473,
    155560.24880078473,
    155560.24880078473,
    155560.24880078473,
    155589.8045560975,
    155589.8045560975,
    155589.8045560975,
    155589.8045560975,
    155603.65864067664,
    155603.65864067664,
    155625.4094727939,
    155625.4094727939,
    155639.26355737305,
    155639.26355737305,
    155639.26355737305,
    155639.26355737305,
    155661.72173060663,
    155661.72173060663,
    155665.26190911137,
    155687.72008234495,
    155708.01907544277,
    155737.452742277,
    155737.452742277,
    155737.452742277,
    155737.452742277,
    155737.452742277,
    155737.452742277,
    155737.452742277,
    155750.88988432288,
    155750.88988432288,
    155756.6331007128,
    155760.06841580872,
    155760.06841580872,
    155760.06841580872,
    155768.82934886354,
    155778.00788034938,
    155778.00788034938,
    155778.00788034938,
    155778.00788034938,
    155794.16884978453,
    155794.16884978453,
    155827.15086570065,
    155827.15086570065,
    155827.15086570065,
    155827.15086570065,
    155827.15086570065,
    155827.15086570065,
    155833.99866871073,
    155833.99866871073,
    155833.99866871073,
    155833.99866871073,
    155840.45527532938,
    155840.45527532938,
    155846.1586601111,
    155846.1586601111,
    155851.51265799793,
    155851.51265799793,
    155851.51265799793,
    155851.51265799793,
    155851.51265799793,
    155859.46306973984,
    155859.46306973984,
    155863.67264939827,
    155863.67264939827,
    155865.89571620745,
    155865.89571620745,
    155870.67484388428,
    155870.67484388428,
    155872.89791069346,
    155872.89791069346,
    155872.89791069346,
    155872.89791069346,
    155872.89791069346,
    155874.26518438495,
    155874.26518438495,
    155897.61532985905,
    155897.61532985905,
    155897.61532985905,
    155917.1036311907,
    155917.1036311907,
    155924.0868992958,
    155924.0868992958,
    155924.0868992958,
    155927.52058745362,
    155927.52058745362,
    155927.52058745362,
    155927.52058745362,
    155929.7430249384,
    155929.7430249384,
    155929.7430249384,
    155929.7430249384,
    156005.93889153696,
    156005.93889153696,
    156005.93889153696,
    156006.7039356797,
    156098.39553723732,
    156117.74281321256,
    156117.74281321256,
    156117.74281321256,
    156152.18742148537,
    156157.4120467662,
    156157.4120467662,
    156157.4120467662,
    156157.4120467662,
    156167.87476825435,
    156183.07512567684,
    156183.07512567684,
    156183.07512567684,
    156183.07512567684,
    156188.88959866753,
    156188.88959866753,
    156205.21901697526,
    156213.26012749242,
    156213.26012749242,
    156213.26012749242,
    156213.26012749242,
    156214.7644986561,
    156218.59728457712,
    156219.07460048315,
    156220.1016557408,
    156240.74117587553,
    156240.74117587553,
    156240.74117587553,
    156240.74117587553,
    156240.74117587553,
    156240.74117587553,
    156248.92607152075,
    156252.27255087387,
    156252.27255087387,
    156255.37653711074,
    156255.37653711074,
    156255.37653711074,
    156255.37653711074,
    156255.37653711074,
    156288.16445545404,
    156288.16445545404,
    156288.16445545404,
    156288.16445545404,
    156288.16445545404,
    156288.16445545404,
    156288.16445545404,
    156313.51972355886,
    156313.51972355886,
    156313.51972355886,
    156313.51972355886,
    156313.51972355886,
    156313.51972355886,
    156315.53688189763,
    156315.53688189763,
    156317.26803675402,
    156317.26803675402,
    156317.26803675402,
    156320.11405287465,
    156323.15788106027,
    156323.15788106027,
    156329.8312324475,
    156332.51849034714,
    156336.4255617633,
    156348.82999923578,
    156348.82999923578,
    156348.82999923578,
    156348.82999923578,
    156348.82999923578,
    156348.82999923578,
    156348.82999923578,
    156348.82999923578,
    156348.82999923578,
    156348.82999923578,
    156352.97726995905,
    156352.97726995905,
    156355.66619112383,
    156369.5135399987,
    156369.5135399987,
    156369.5135399987,
    156369.5135399987,
    156369.5135399987,
    156369.5135399987,
    156369.5135399987,
    156393.83894889144,
    156393.83894889144,
    156393.83894889144,
    156393.83894889144,
    156393.83894889144,
    156393.83894889144,
    156430.18383901412,
    156430.18383901412,
