{
  "best_fitness": 294348.94682832685,
  "best_chromosome": [
    "17",
    "158",
    "66",
    "44",
    "191",
    "12",
    "115",
    "122",
    "31",
    "156",
    "87",
    "55",
    "60",
    "38",
    "34",
    "2",
    "125",
    "28",
    "26",
    "78",
    "198",
    "194",
    "184",
    "94",
    "82",
    "106",
    "85",
    "152",
    "134",
    "143",
    "98",
    "18",
    "45",
    "169",
    "10",
    "150",
    "9",
    "72",
    "101",
    "149",
    "91",
    "168",
    "121",
    "8",
    "37",
    "27",
    "142",
    "110",
    "107",
    "83",
    "147",
    "200",
    "47",
    "79",
    "170",
    "102",
    "90",
    "57",
    "95",
    "199",
    "157",
    "148",
    "76",
    "118",
    "69",
    "112",
    "15",
    "186",
    "32",
    "145",
    "88",
    "117",
    "154",
    "96",
    "155",
    "19",
    "111",
    "146",
    "177",
    "53",
    "54",
    "51",
    "183",
    "50",
    "73",
    "29",
    "197",
    "41",
    "162",
    "182",
    "103",
    "137",
    "132",
    "24",
    "22",
    "159",
    "104",
    "141",
    "62",
    "68",
    "196",
    "36",
    "172",
    "1",
    "136",
    "100",
    "165",
    "163",
    "92",
    "178",
    "6",
    "49",
    "97",
    "23",
    "61",
    "128",
    "56",
    "114",
    "58",
    "119",
    "140",
    "40",
    "179",
    "99",
    "84",
    "43",
    "144",
    "126",
    "185",
    "164",
    "187",
    "108",
    "120",
    "161",
    "75",
    "131",
    "86",
    "174",
    "7",
    "3",
    "30",
    "5",
    "193",
    "4",
    "39",
    "81",
    "173",
    "11",
    "116",
    "71",
    "139",
    "70",
    "190",
    "80",
    "133",
    "14",
    "109",
    "175",
    "176",
    "166",
    "42",
    "188",
    "105",
    "135",
    "63",
    "16",
    "123",
    "33",
    "127",
    "74",
    "192",
    "180",
    "25",
    "93",
    "124",
    "167",
    "189",
    "64",
    "89",
    "13",
    "20",
    "138",
    "35",
    "153",
    "65",
    "160",
    "151",
    "48",
    "59",
    "195",
    "77",
    "130",
    "52",
    "171",
    "181",
    "46",
    "129",
    "113",
    "67",
    "21"
  ],
  "fitness_history": [
    284336.5379898573,
    284772.4600755907,
    285182.4630598604,
    285280.25198760716,
    285280.25198760716,
    285383.3274055958,
    286158.7956752296,
    286158.7956752296,
    286507.338922875,
    286507.338922875,
    286507.338922875,
    286507.338922875,
    286507.338922875,
    286714.1672562508,
    286714.1672562508,
    286714.1672562508,
    286802.54237339896,
    286802.54237339896,
    286880.2824731512,
    287171.8648447457,
    287675.11944869143,
    287675.11944869143,
    287707.0148831813,
    287707.0148831813,
    287707.0148831813,
    287707.0148831813,
    287707.0148831813,
    288288.813047939,
    288288.813047939,
    288698.69514006894,
    288698.69514006894,
    288698.69514006894,
    288698.69514006894,
    288698.69514006894,
    288698.69514006894,
    288698.69514006894,
    288908.36270994676,
    289096.59326806,
    289137.26693037845,
    289345.89324197406,
    289345.89324197406,
    289458.66399371455,
    289458.66399371455,
    289864.93420840614,
    290086.3552476484,
    290086.3552476484,
    290086.3552476484,
    290086.3552476484,
    290102.16939875775,
    290102.16939875775,
    290102.16939875775,
    290114.47808363975,
    290660.61094008246,
    290660.61094008246,
    290676.737510395,
    290676.737510395,
    290676.737510395,
    290676.737510395,
    290676.737510395,
    290676.737510395,
    290980.47371669224,
    290980.47371669224,
    290980.47371669224,
    290980.47371669224,
    290980.47371669224,
    290980.47371669224,
    291032.82905737485,
    291058.40660238493,
    291058.40660238493,
    291058.40660238493,
    291213.4162675604,
    291213.4162675604,
    291213.4162675604,
    291288.12026330986,
    291293.08289162966,
    291350.3681118041,
    291443.1299284853,
    291443.1299284853,
    291443.1299284853,
    291453.42388207,
    291499.50163485855,
    291499.50163485855,
    291499.50163485855,
    291499.50163485855,
    291509.79558844323,
    291564.4302818932,
    291564.4302818932,
    291564.4302818932,
    291620.80198826647,
    291656.99702793383,
    291656.99702793383,
    291720.17244303797,
    291720.17244303797,
    291720.17244303797,
    291720.17244303797,
    291720.17244303797,
    291846.1116823588,
    291846.1116823588,
    291951.4450455381,
    291966.52138358355,
    291966.52138358355,
    292010.0413817668,
    292010.0413817668,
    292025.1177198122,
    292075.23443444655,
    292081.12286807934,
    292081.12286807934,
    292097.2887542472,
    292119.6749149462,
    292131.23958271375,
    292211.3129378311,
    292211.3129378311,
    292211.3129378311,
    292211.3129378311,
    292211.3129378311,
    292211.3129378311,
    292245.3698466549,
    292245.4331135817,
    292245.4331135817,
    292245.4331135817,
    292245.4331135817,
    292289.7637976899,
    292308.92891062243,
    292354.57823992445,
    292354.57823992445,
    292354.57823992445,
    292354.57823992445,
    292354.57823992445,
    292373.74335285695,
    292399.4788717654,
    292399.4788717654,
    292399.4788717654,
    292399.4788717654,
    292399.4788717654,
    292451.52561049914,
    292451.52561049914,
    292451.52561049914,
    292477.26112940756,
    292477.26112940756,
    292555.6531160445,
    292555.6531160445,
    292580.74389717553,
    292612.2683272591,
    292637.60449248634,
    292637.60449248634,
    292637.60449248634,
    292702.8919810085,
    292702.8919810085,
    292728.2281462357,
    292751.51182419783,
    292751.51182419783,
    292751.51182419783,
    292751.51182419783,
    292751.51182419783,
    292826.97408174654,
    292864.1944814752,
    292888.4129319571,
    292888.4129319571,
    292945.0357222309,
    292945.0357222309,
    292945.0357222309,
    292945.0357222309,
    292961.00830692507,
    292961.00830692507,
    292961.00830692507,
    292961.00830692507,
    293054.12752302445,
    293054.12752302445,
    293054.12752302445,
    293054.12752302445,
    293059.5477983716,
    293059.5477983716,
    293156.39374657196,
    293156.39374657196,
    293156.39374657196,
    293156.39374657196,
    293156.39374657196,
    293156.39374657196,
    293176.19589317567,
    293176.19589317567,
    293176.19589317567,
    293176.19589317567,
    293178.54558310384,
    293199.10259785445,
    293199.10259785445,
    293244.0925447291,
    293244.0925447291,
    293244.0925447291,
    293244.0925447291,
    293244.0925447291,
    293266.0638200632,
    293302.95730553806,
    293305.30699546624,
    293322.5788909439,
    293324.1060610658,
    293359.67237275105,
    293361.1995428729,
    293363.46974723507,
    293364.9969173569,
    293367.3466072851,
    293445.6203799285,
    293445.6203799285,
    293445.6203799285,
    293447.9700698567,
    293447.9700698567,
    293447.9700698567,
    293482.98111753975,
    293482.98111753975,
    293485.330807468,
    293485.330807468,
    293485.330807468,
    293541.1236568844,
    293541.1236568844,
    293576.1347045675,
    293576.1347045675,
    293578.4843944957,
    293578.4843944957,
    293620.7959732586,
    293620.7959732586,
    293675.93854635116,
    293713.94956028636,
    293713.94956028636,
    293766.5025047309,
    293766.5025047309,
    293766.5025047309,
    293830.93104954605,
    293830.93104954605,
    293830.93104954605,
    293830.93104954605,
    293830.93104954605,
    293830.93104954605,
    293893.21276819013,
    293893.21276819013,
    293893.21276819013,
    293893.21276819013,
    293985.18922784977,
    293985.18922784977,
    293985.18922784977,
    293985.18922784977,
    293985.18922784977,
    293985.18922784977,
    293985.18922784977,
    294059.9779293595,
    294059.9779293595,
    294059.9779293595,
    294061.40900084935,
    294071.41670499457,
    294071.41670499457,
