{
  "best_fitness": 143721.3783230213,
  "best_chromosome": [
    "27",
    "71",
    "32",
    "18",
    "14",
    "92",
    "23",
    "65",
    "6",
    "25",
    "15",
    "89",
    "21",
    "67",
    "11",
    "48",
    "86",
    "36",
    "31",
    "61",
    "9",
    "47",
    "64",
    "3",
    "40",
    "17",
    "24",
    "20",
    "39",
    "43",
    "55",
    "85",
    "19",
    "73",
    "42",
    "78",
    "34",
    "46",
    "16",
    "2",
    "84",
    "70",
    "50",
    "52",
    "56",
    "97",
    "44",
    "10",
    "74",
    "76",
    "45",
    "75",
    "35",
    "22",
    "66",
    "81",
    "37",
    "54",
    "83",
    "30",
    "63",
    "99",
    "93",
    "80",
    "5",
    "91",
    "41",
    "4",
    "53",
    "12",
    "100",
    "79",
    "38",
    "59",
    "62",
    "77",
    "82",
    "28",
    "33",
    "98",
    "88",
    "57",
    "87",
    "26",
    "49",
    "8",
    "29",
    "7",
    "95",
    "1",
    "96",
    "69",
    "90",
    "58",
    "72",
    "13",
    "68",
    "94",
    "51",
    "60"
  ],
  "fitness_history": [
    138219.4464723371,
    138722.49403000204,
    138722.49403000204,
    138722.49403000204,
    138722.49403000204,
    138722.49403000204,
    138722.49403000204,
    138844.11919787992,
    138844.11919787992,
    138844.11919787992,
    138946.98915153366,
    138946.98915153366,
    138946.98915153366,
    138946.98915153366,
    139044.15330743341,
    139266.24044081484,
    139266.24044081484,
    139266.24044081484,
    139266.24044081484,
    139266.24044081484,
    139266.24044081484,
    139743.62065688614,
    139743.62065688614,
    139743.62065688614,
    139743.62065688614,
    139743.62065688614,
    139824.9296280408,
    140027.77893108968,
    140070.0511652443,
    140070.0511652443,
    140070.0511652443,
    140070.0511652443,
    140134.83114817453,
    140134.83114817453,
    140134.83114817453,
    140211.81026951378,
    140245.4235120639,
    140245.4235120639,
    140377.1182980651,
    140377.1182980651,
    140377.1182980651,
    140377.1182980651,
    140377.1182980651,
    140488.25957597775,
    140488.25957597775,
    140488.25957597775,
    140500.49325501302,
    140962.2306465211,
    140962.2306465211,
    140977.3288378023,
    140977.3288378023,
    140977.3288378023,
    140977.3288378023,
    140977.3288378023,
    141028.61249467646,
    141028.61249467646,
    141084.46571352574,
    141084.46571352574,
    141084.46571352574,
    141084.46571352574,
    141084.46571352574,
    141084.46571352574,
    141084.46571352574,
    141084.46571352574,
    141084.46571352574,
    141084.46571352574,
    141117.60242259884,
    141563.80537942305,
    141563.80537942305,
    141563.80537942305,
    141618.41495671732,
    141653.42024629636,
    141653.42024629636,
    141653.42024629636,
    141680.69307439154,
    141687.4100781837,
    141687.4100781837,
    141687.4100781837,
    141730.40058568967,
    141730.40058568967,
    141730.40058568967,
    141755.34395966362,
    141856.6136600033,
    141856.6136600033,
    141899.60416750927,
    141899.60416750927,
    141899.60416750927,
    141899.60416750927,
    141899.60416750927,
    141934.2873518633,
    141936.59877982448,
    141937.2049529593,
    141937.2049529593,
    141992.2126377012,
    141992.2126377012,
    141992.2126377012,
    141992.2126377012,
    142027.86108517495,
    142027.86108517495,
    142027.86108517495,
    142027.86108517495,
    142027.86108517495,
    142135.56727740803,
    142135.56727740803,
    142171.21572488177,
    142171.21572488177,
    142267.78824102675,
    142267.78824102675,
    142267.78824102675,
    142267.78824102675,
    142293.60134356082,
    142293.60134356082,
    142293.60134356082,
    142307.23737595347,
    142307.23737595347,
    142307.23737595347,
    142320.32173614734,
    142346.13483868138,
    142350.5782577011,
    142350.5782577011,
    142363.66261789494,
    142363.66261789494,
    142434.11023994835,
    142434.11023994835,
    142434.11023994835,
    142448.1363579416,
    142448.1363579416,
    142494.39118246612,
    142494.39118246612,
    142533.86051967592,
    142533.86051967592,
    142533.86051967592,
    142533.86051967592,
    142621.9703300202,
    142621.9703300202,
    142621.9703300202,
    142621.9703300202,
    142629.2242391646,
    142629.2242391646,
    142629.2242391646,
    142629.2242391646,
    142660.31752696552,
    142660.31752696552,
    142694.94350688768,
    142748.41082582055,
    142748.41082582055,
    142748.41082582055,
    142748.41082582055,
    142748.41082582055,
    142748.41082582055,
    142748.41082582055,
    142748.41082582055,
    142748.41082582055,
    142752.05266177078,
    142752.05266177078,
    142752.05266177078,
    142785.54594013822,
    142785.54594013822,
    142786.35657901329,
    142786.35657901329,
    142786.35657901329,
    142789.18777608845,
    142789.18777608845,
    142789.9984149635,
    142789.9984149635,
    142792.01449238663,
    142888.73467770338,
    142891.56139400153,
    142893.93196327254,
    142894.7426021476,
    142942.3795352026,
    142942.3795352026,
    142943.19017407764,
    142946.3713822237,
    142960.3404844017,
    142960.3404844017,
    142971.18119199265,
    143011.9692644778,
    143011.9692644778,
    143011.9692644778,
    143011.9692644778,
    143011.9692644778,
    143011.9692644778,
    143011.9692644778,
    143011.9692644778,
    143011.9692644778,
    143019.0995888566,
    143019.0995888566,
    143019.91857061724,
    143019.91857061724,
    143019.91857061724,
    143019.91857061724,
    143019.91857061724,
    143066.79189770538,
    143066.79189770538,
    143066.79189770538,
    143066.79189770538,
    143066.79189770538,
    143066.79189770538,
    143066.79189770538,
    143066.79189770538,
    143066.79189770538,
    143066.79189770538,
    143066.79189770538,
    143066.79189770538,
    143066.79189770538,
    143069.09277022228,
    143069.09277022228,
    143069.09277022228,
    143069.09277022228,
    143136.65119127088,
    143136.65119127088,
    143136.65119127088,
    143136.65119127088,
    143152.29474186816,
    143152.29474186816,
    143177.3347672777,
    143177.3347672777,
    143178.66573096905,
    143178.66573096905,
    143178.66573096905,
    143178.66573096905,
    143178.66573096905,
    143178.66573096905,
    143178.66573096905,
    143178.66573096905,
    143186.60057430988,
    143210.39245206234,
    143210.39245206234,
    143211.7234157537,
    143211.7234157537,
    143262.2404229833,
    143262.2404229833,
    143262.2404229833,
    143262.2404229833,
    143262.2404229833,
    143262.2404229833,
    143262.2404229833,
    143262.2404229833,
    143262.2404229833,
    143336.1957634851,
    143336.1957634851,
    143336.1957634851,
    143336.1957634851,
    143373.312352923,
    143373.312352923,
    143373.312352923,
    143389.7236275301,
    143389.7236275301,
    143429.1353092317,
    143429.1353092317,
    143429.1353092317,
    143429.1353092317,
    143429.1353092317,
    143429.1353092317,
    143429.1353092317,
    143429.1353092317,
    143429.1353092317,
    143510.95770032142,
    143510.95770032142,
    143510.95770032142,
    143512.4137411514,
    143512.4137411514,
    143594.23613224115,
    143594.23613224115,
    143594.23613224115,
    143594.23613224115,
    143594.23613224115,
    143615.34538336055,
    143615.34538336055,
    143615.34538336055,
    143615.34538336055,
    143615.34538336055,
    143615.34538336055,
    143615.34538336055,
    143615.34538336055,
    143615.34538336055,
    143650.24299336853,
    143650.24299336853,
    143650.24299336853,
    143650.24299336853,
    143650.24299336853,
    143650.24299336853,
    143650.24299336853,
    143650.24299336853,
    143650.24299336853,
    143658.02305560606,
    143658.02305560606,
    143674.17201059812,
    143674.17201059812,
    143681.95207283564,
    143689.56591010865,
